1;accessory;435;NULL;1983;NULL;696;2021-05-28 11:40:19;2021-05-28 11:40:19
2;accessory;1174;NULL;14;NULL;696;2021-05-28 11:40:19;2021-05-28 11:40:19
3;accessory;1192;NULL;1322;NULL;696;2021-05-28 12:29:04;2021-05-28 12:29:04
4;accessory;1214;NULL;1322;NULL;696;2021-05-28 12:29:04;2021-07-09 14:45:18
5;accessory;0;NULL;0;NULL;696;2021-05-28 12:29:04;2021-05-28 12:29:04
6;service;1;45;8491;NULL;696;2021-05-28 12:32:50;2021-05-28 12:32:50
7;service;5;45;0;NULL;686;2021-05-28 14:08:30;2021-05-28 14:08:30
8;accessory;1211;NULL;5946;NULL;654;2021-06-01 16:40:55;2021-06-01 16:40:55
9;accessory;439;NULL;223;NULL;654;2021-06-01 16:40:55;2021-06-01 16:40:55
10;accessory;326;NULL;3301;NULL;654;2021-06-01 16:40:55;2021-06-01 16:40:55
11;accessory;1230;NULL;5454;NULL;695;2021-06-02 15:45:51;2021-06-02 15:45:51
12;service;12;10;943;NULL;115;2021-06-02 15:51:35;2021-06-02 15:51:35
13;service;5;45;4717;NULL;656;2021-06-02 15:52:25;2021-06-02 15:52:25
14;service;2;45;566;NULL;716;2021-06-07 13:44:49;2021-06-07 13:44:49
15;accessory;452;NULL;314;NULL;716;2021-06-07 13:44:49;2021-06-07 13:44:49
16;accessory;433;NULL;909;NULL;716;2021-06-07 13:44:49;2021-06-07 13:44:49
17;accessory;484;NULL;1232;NULL;716;2021-06-07 13:44:49;2021-07-09 14:49:10
18;accessory;492;NULL;1232;NULL;716;2021-06-07 13:44:49;2021-06-07 13:44:49
19;accessory;1249;NULL;4954;NULL;716;2021-06-11 12:07:41;2021-06-11 12:07:41
20;accessory;1250;NULL;4954;NULL;716;2021-06-11 12:07:41;2021-07-09 17:02:41
21;service;3;90;6604;NULL;720;2021-06-17 15:06:35;2021-06-17 15:06:35
22;service;3;45;11321;NULL;719;2021-06-17 15:11:23;2021-06-17 15:11:23
23;accessory;1222;NULL;3298;NULL;719;2021-06-17 15:11:23;2021-06-17 15:11:23
24;accessory;1224;NULL;3298;NULL;719;2021-06-17 15:11:23;2021-06-17 15:11:23
25;service;29;12;1132;NULL;717;2021-06-17 15:14:50;2021-06-17 15:14:50
26;accessory;460;NULL;1232;NULL;717;2021-06-17 15:14:50;2021-06-17 15:14:50
27;service;41;20;1887;NULL;688;2021-06-22 14:22:04;2021-06-22 14:22:04
28;service;5;45;6604;NULL;728;2021-06-22 14:25:55;2021-06-22 14:25:55
29;service;5;45;4717;NULL;727;2021-06-22 14:40:31;2021-06-22 14:40:31
30;service;5;45;4717;NULL;727;2021-06-22 14:41:02;2021-06-22 14:41:02
31;service;5;45;4717;NULL;727;2021-06-22 14:41:02;2021-06-22 14:41:02
32;service;5;45;4717;NULL;727;2021-06-22 14:41:02;2021-06-22 14:41:02
33;service;42;7;943;NULL;742;2021-06-22 16:17:38;2021-06-22 16:17:38
34;accessory;531;NULL;3353;NULL;742;2021-06-22 16:17:38;2021-06-22 16:17:38
35;service;5;45;0;NULL;743;2021-06-22 16:18:41;2021-06-22 16:18:41
36;accessory;524;NULL;574;NULL;743;2021-06-22 16:18:41;2021-06-22 16:18:41
37;service;5;45;4717;NULL;734;2021-06-23 08:49:59;2021-06-23 08:49:59
38;otherAccessory;NULL;NULL;8264;roue avant route avec pneu;757;2021-06-23 15:12:32;2021-06-23 15:12:32
39;service;5;60;4717;NULL;757;2021-06-23 15:15:15;2021-06-23 15:15:15
40;accessory;191;NULL;2062;NULL;757;2021-06-23 15:15:15;2021-06-23 15:15:15
41;accessory;987;NULL;577;NULL;757;2021-06-23 15:15:15;2021-06-23 15:15:15
42;service;5;30;2358;NULL;723;2021-06-23 17:39:47;2021-06-23 17:39:47
43;service;8;10;755;NULL;733;2021-06-23 17:41:16;2021-06-23 17:41:16
44;service;8;10;755;NULL;733;2021-06-23 17:41:16;2021-06-23 17:41:16
45;accessory;584;NULL;7396;NULL;733;2021-06-23 17:41:16;2021-06-23 17:41:16
46;accessory;576;NULL;7396;NULL;733;2021-06-23 17:41:16;2021-06-23 17:41:16
47;service;1;45;4717;NULL;701;2021-06-27 13:19:11;2021-06-27 13:19:11
48;otherAccessory;NULL;NULL;53719;Moteur Shimano;701;2021-06-27 13:19:11;2021-06-27 13:19:11
49;otherAccessory;NULL;NULL;1653;Garde boue SKS avant ;736;2021-06-27 13:27:40;2021-06-27 13:27:40
50;service;5;45;3774;NULL;764;2021-06-30 12:15:25;2021-06-30 12:15:25
51;service;5;67;4717;NULL;740;2021-06-30 13:43:43;2021-06-30 13:43:43
52;otherAccessory;NULL;NULL;8264;Roue avant Shimano;740;2021-06-30 13:43:43;2021-06-30 13:43:43
53;service;7;20;2358;NULL;779;2021-06-30 16:04:47;2021-06-30 16:04:47
54;service;7;20;2358;NULL;779;2021-06-30 16:04:47;2021-06-30 16:04:47
55;accessory;1281;NULL;7025;NULL;779;2021-06-30 16:04:47;2021-06-30 16:04:47
56;accessory;485;NULL;1232;NULL;741;2021-06-30 21:25:46;2021-07-09 16:21:35
57;service;5;45;3774;NULL;778;2021-06-30 21:44:04;2021-06-30 21:44:04
58;accessory;1242;NULL;2719;NULL;778;2021-06-30 21:44:04;2021-06-30 21:44:04
59;accessory;1241;NULL;2719;NULL;778;2021-06-30 21:44:04;2021-06-30 21:44:04
60;otherAccessory;NULL;NULL;1653;Pédales;778;2021-06-30 21:44:04;2021-06-30 21:44:04
61;service;2;45;566;NULL;783;2021-07-06 11:35:34;2021-07-06 11:35:34
62;accessory;558;NULL;1652;NULL;783;2021-07-06 11:35:34;2021-07-06 11:35:34
63;accessory;358;NULL;1649;NULL;783;2021-07-06 11:35:34;2021-07-06 11:35:34
64;otherAccessory;NULL;NULL;2479;Potence reglable;783;2021-07-06 11:35:34;2021-07-06 11:35:34
65;accessory;1333;NULL;100;NULL;780;2021-07-07 15:06:33;2021-07-07 15:06:33
66;service;2;45;2358;NULL;777;2021-07-08 17:03:56;2021-07-08 17:03:56
67;service;2;45;566;NULL;741;2021-07-12 15:52:51;2021-07-12 15:52:51
68;accessory;432;NULL;909;NULL;741;2021-07-12 15:52:51;2021-07-12 15:52:51
69;service;11;12;1132;NULL;789;2021-07-13 11:46:07;2021-07-13 11:46:07
70;accessory;1344;NULL;70;NULL;741;2021-07-14 11:39:58;2021-07-14 11:39:58
71;accessory;1310;NULL;4957;NULL;741;2021-07-14 11:39:58;2021-07-14 11:39:58
72;service;8;10;755;NULL;788;2021-07-14 14:25:07;2021-07-14 14:25:07
73;service;7;20;2358;NULL;788;2021-07-14 14:25:07;2021-07-14 14:25:07
74;service;8;10;755;NULL;788;2021-07-14 14:25:07;2021-07-14 14:25:07
75;accessory;1343;NULL;4215;NULL;788;2021-07-14 14:25:07;2021-07-14 14:25:07
76;otherAccessory;NULL;NULL;496;produit notubes 100ml;788;2021-07-14 14:25:07;2021-07-14 14:25:07
77;otherAccessory;NULL;NULL;496;produit notubes 100ml;788;2021-07-14 14:25:07;2021-07-14 14:25:07
78;service;5;45;0;NULL;793;2021-07-14 16:40:37;2021-07-14 16:40:37
79;accessory;454;NULL;3884;NULL;793;2021-07-14 16:40:37;2021-07-14 16:40:37
80;otherAccessory;NULL;NULL;496;Dose Notubes 100ml;793;2021-07-14 16:40:37;2021-07-14 16:40:37
81;otherAccessory;NULL;NULL;496;Dose Notubes 100ml;793;2021-07-14 16:40:37;2021-07-14 16:40:37
82;service;42;15;1415;NULL;797;2021-07-19 15:05:48;2021-07-19 15:05:48
83;accessory;1312;NULL;6198;NULL;797;2021-07-19 15:51:54;2021-07-19 15:51:54
84;accessory;535;NULL;1322;NULL;422;2021-07-22 17:26:58;2021-07-22 17:26:58
85;accessory;536;NULL;1322;NULL;422;2021-07-22 17:26:58;2021-07-22 17:26:58
86;accessory;453;NULL;314;NULL;798;2021-07-22 17:34:40;2021-07-22 17:34:40
87;otherAccessory;NULL;NULL;5784;Plateau Shimano 36t FC-M8000;798;2021-07-22 17:34:40;2021-07-22 17:34:40
88;service;1;45;566;NULL;798;2021-07-22 17:39:31;2021-07-22 17:39:31
89;accessory;328;NULL;935;NULL;798;2021-07-22 17:39:31;2021-07-22 17:39:31
90;accessory;329;NULL;935;NULL;798;2021-07-22 17:39:31;2021-07-22 17:39:31
91;otherAccessory;NULL;NULL;2231;Plateau Shimano 26t FC-M8000;798;2021-07-22 17:39:31;2021-07-22 17:39:31
92;otherAccessory;NULL;NULL;992;Dose Notubes 100ml (2x);798;2021-07-22 17:39:31;2021-07-22 17:39:31
93;otherAccessory;NULL;NULL;1817;galets de dérailleur Shimano M8000;798;2021-07-22 17:39:31;2021-07-22 17:39:31
94;otherAccessory;NULL;NULL;1869;Roulements 17287 (2x);798;2021-07-22 17:39:31;2021-07-22 17:39:31
95;service;2;45;566;NULL;792;2021-07-23 16:12:17;2021-07-23 16:12:17
96;service;2;45;566;NULL;792;2021-07-23 16:12:17;2021-07-23 16:12:17
97;accessory;1223;NULL;3297;NULL;792;2021-07-23 16:12:17;2021-07-23 16:12:17
98;accessory;1225;NULL;3297;NULL;792;2021-07-23 16:12:17;2021-07-23 16:12:17
99;accessory;1227;NULL;3297;NULL;792;2021-07-23 16:12:17;2021-07-23 16:12:17
100;accessory;1229;NULL;3297;NULL;792;2021-07-23 16:12:17;2021-07-23 16:12:17
101;accessory;378;NULL;5744;NULL;792;2021-07-23 16:12:17;2021-07-23 16:12:17
102;accessory;379;NULL;5744;NULL;792;2021-07-23 16:12:17;2021-07-23 16:12:17
103;accessory;458;NULL;1756;NULL;792;2021-07-23 16:12:17;2021-07-23 16:12:17
104;accessory;457;NULL;1756;NULL;792;2021-07-23 16:12:17;2021-07-23 16:12:17
105;accessory;461;NULL;1232;NULL;498;2021-07-23 16:15:31;2021-07-23 16:15:31
106;otherAccessory;NULL;NULL;7021;Plateau 38t Bosch Gen4;768;2021-07-26 10:01:39;2021-07-26 10:01:39
107;service;2;90;7075;NULL;807;2021-07-26 12:37:47;2021-07-26 12:37:47
108;accessory;510;NULL;351;NULL;807;2021-07-26 12:37:47;2021-07-26 12:37:47
109;accessory;885;NULL;577;NULL;807;2021-07-26 12:37:47;2021-07-26 12:37:47
110;otherAccessory;NULL;NULL;818;gaine cadre-dérailleur;807;2021-07-26 12:37:47;2021-07-26 12:37:47
111;otherAccessory;NULL;NULL;124;Rayon 235mm + nipple;808;2021-07-27 11:51:15;2021-07-27 11:51:15
112;service;6;10;2358;NULL;808;2021-07-27 12:00:35;2021-07-27 12:00:35
113;service;24;10;943;NULL;808;2021-07-27 12:00:35;2021-07-27 12:00:35
114;accessory;1298;NULL;735;NULL;475;2021-07-27 17:51:55;2021-07-27 17:51:55
115;accessory;1299;NULL;735;NULL;704;2021-07-27 17:54:19;2021-07-27 17:54:19
116;accessory;462;NULL;1232;NULL;704;2021-07-27 17:54:19;2021-07-27 17:54:19
117;accessory;463;NULL;1232;NULL;704;2021-07-27 17:54:19;2021-07-27 17:54:19
118;accessory;464;NULL;1232;NULL;257;2021-07-29 09:48:06;2021-07-29 09:48:06
119;service;2;45;566;NULL;813;2021-07-30 14:15:10;2021-07-30 14:15:10
120;accessory;652;NULL;1028;NULL;813;2021-07-30 14:34:07;2021-07-30 14:34:07
121;accessory;653;NULL;1028;NULL;813;2021-07-30 14:34:07;2021-07-30 14:34:07
122;accessory;1444;NULL;16529;NULL;819;2021-08-02 09:24:36;2021-08-02 09:24:36
123;accessory;383;NULL;5744;NULL;804;2021-08-02 10:34:05;2021-08-02 10:34:05
124;service;3;240;125;NULL;766;2021-08-02 12:31:49;2021-08-02 12:31:49
125;service;3;240;125;NULL;768;2021-08-02 12:32:56;2021-08-02 12:32:56
126;service;3;240;125;NULL;769;2021-08-02 12:33:24;2021-08-02 12:33:24
127;service;3;240;125;NULL;770;2021-08-02 14:05:07;2021-08-02 14:05:07
128;accessory;486;NULL;1232;NULL;241;2021-08-03 21:23:53;2021-08-03 21:23:53
129;accessory;556;NULL;1404;NULL;241;2021-08-03 21:23:53;2021-08-03 21:23:53
130;service;31;20;1887;NULL;826;2021-08-04 15:30:54;2021-08-04 15:30:54
131;service;5;45;4717;NULL;826;2021-08-04 15:30:54;2021-08-04 15:30:54
132;otherAccessory;NULL;NULL;5368;Levier de frein droit Shimano Deore;826;2021-08-04 15:30:54;2021-08-04 15:30:54
133;service;5;45;4717;NULL;820;2021-08-04 17:09:58;2021-08-04 17:09:58
134;accessory;465;NULL;1232;NULL;820;2021-08-04 17:09:58;2021-08-04 17:09:58
135;service;3;240;125;NULL;771;2021-08-09 14:55:14;2021-08-09 14:55:14
136;service;21;14;2358;NULL;837;2021-08-10 10:18:47;2021-08-10 10:18:47
137;service;5;45;4717;NULL;837;2021-08-10 10:18:47;2021-08-10 10:18:47
138;accessory;886;NULL;577;NULL;837;2021-08-10 10:18:47;2021-08-10 10:18:47
139;accessory;995;NULL;405;NULL;837;2021-08-10 10:18:47;2021-08-10 10:18:47
140;otherAccessory;NULL;NULL;2066;Console Bosch Intuvia OCCASION;837;2021-08-10 10:18:47;2021-08-10 10:18:47
141;service;6;10;4717;NULL;836;2021-08-12 10:08:38;2021-08-12 10:08:38
142;otherAccessory;NULL;NULL;124;Rayon coudé 157mm + nipple;836;2021-08-12 10:08:38;2021-08-12 10:08:38
143;service;8;10;943;NULL;848;2021-08-13 12:37:46;2021-08-13 12:37:46
144;otherAccessory;NULL;NULL;413;Fond de jante tubeless;848;2021-08-13 12:37:46;2021-08-13 12:37:46
145;otherAccessory;NULL;NULL;413;Liquide notubes;848;2021-08-13 12:37:46;2021-08-13 12:37:46
146;service;5;45;4717;NULL;827;2021-08-13 15:19:02;2021-08-13 15:19:02
147;service;5;45;4717;NULL;803;2021-08-13 15:20:40;2021-08-13 15:20:40
148;service;39;25;2358;NULL;803;2021-08-13 15:20:40;2021-08-13 15:20:40
149;accessory;466;NULL;1232;NULL;803;2021-08-13 15:20:40;2021-08-13 15:20:40
150;accessory;634;NULL;1208;NULL;803;2021-08-13 15:20:40;2021-08-13 15:20:40
151;service;57;45;4245;NULL;828;2021-08-13 15:23:54;2021-08-13 15:23:54
152;service;5;45;4717;NULL;828;2021-08-13 15:23:54;2021-08-13 15:23:54
153;accessory;1459;NULL;918;NULL;828;2021-08-13 15:23:54;2021-08-13 15:23:54
154;accessory;1460;NULL;918;NULL;828;2021-08-13 15:23:54;2021-08-13 15:23:54
155;otherAccessory;NULL;NULL;3719;Kit joints fourche RS Recon RL;828;2021-08-13 15:23:54;2021-08-13 15:23:54
156;service;3;45;9434;NULL;849;2021-08-13 15:40:14;2021-08-13 15:40:14
157;service;3;45;9434;NULL;849;2021-08-13 15:40:14;2021-08-13 15:40:14
158;accessory;300;NULL;9091;NULL;849;2021-08-13 15:40:14;2021-08-13 15:40:14
159;accessory;1348;NULL;26;NULL;849;2021-08-13 15:40:14;2021-08-13 15:40:14
160;accessory;685;NULL;412;NULL;849;2021-08-13 15:40:14;2021-08-13 15:40:14
161;accessory;686;NULL;412;NULL;849;2021-08-13 15:40:14;2021-08-13 15:40:14
162;service;1;45;566;NULL;852;2021-08-16 14:00:53;2021-08-16 14:00:53
163;service;22;10;943;NULL;852;2021-08-16 14:00:53;2021-08-16 14:00:53
164;accessory;437;NULL;223;NULL;852;2021-08-16 14:00:53;2021-08-16 14:00:53
165;accessory;1349;NULL;26;NULL;852;2021-08-16 14:00:53;2021-08-16 14:00:53
166;accessory;301;NULL;9091;NULL;852;2021-08-16 14:00:53;2021-08-16 14:00:53
167;accessory;1354;NULL;18;NULL;852;2021-08-16 14:00:53;2021-08-16 14:00:53
168;accessory;1377;NULL;3636;NULL;852;2021-08-16 14:00:53;2021-08-16 14:00:53
169;accessory;483;NULL;3553;NULL;852;2021-08-16 14:00:53;2021-08-16 14:00:53
170;accessory;887;NULL;577;NULL;852;2021-08-16 14:00:53;2021-08-16 14:00:53
171;otherAccessory;NULL;NULL;992;Notubes sealant 2 doses;852;2021-08-16 14:00:53;2021-08-16 14:00:53
172;service;13;50;4717;NULL;802;2021-08-25 09:06:27;2021-08-25 09:06:27
173;accessory;380;NULL;5744;NULL;802;2021-08-25 09:06:27;2021-08-25 09:06:27
174;otherAccessory;NULL;NULL;3298;"jante 29""";802;2021-08-25 09:06:27;2021-08-25 09:06:27
175;otherAccessory;NULL;NULL;2471;"pneu vtt 29""";802;2021-08-25 09:06:27;2021-08-25 09:06:27
176;accessory;1238;NULL;0;NULL;84;2021-08-25 09:10:33;2021-08-25 09:10:33
177;accessory;467;NULL;0;NULL;84;2021-08-25 09:10:33;2021-08-25 09:10:33
178;service;8;10;755;NULL;860;2021-08-25 09:28:52;2021-08-25 09:28:52
179;accessory;192;NULL;574;NULL;860;2021-08-25 09:28:52;2021-08-25 09:28:52
180;service;13;50;6132;NULL;685;2021-08-25 10:05:37;2021-08-25 10:05:37
216;service;3;240;125;NULL;767;2021-08-25 10:21:19;2021-08-25 10:21:19
217;service;60;60;4717;NULL;865;2021-08-25 10:23:25;2021-08-25 10:23:25
183;otherAccessory;NULL;NULL;17769;Moyeux arrière DT 350 148 IS 28h Sram XD;685;2021-08-25 10:05:37;2021-08-25 10:05:37
184;otherAccessory;NULL;NULL;43;28 Rayons DT Comp;685;2021-08-25 10:05:37;2021-08-25 10:05:37
185;otherAccessory;NULL;NULL;496;produit notubes 100ml;685;2021-08-25 10:05:37;2021-08-25 10:05:37
186;accessory;1509;NULL;71;NULL;767;2021-08-25 10:17:23;2021-08-25 10:17:23
187;accessory;1510;NULL;71;NULL;767;2021-08-25 10:17:23;2021-08-25 10:17:23
188;accessory;1511;NULL;71;NULL;767;2021-08-25 10:17:23;2021-08-25 10:17:23
189;accessory;1512;NULL;71;NULL;767;2021-08-25 10:17:23;2021-08-25 10:17:23
190;accessory;1513;NULL;71;NULL;767;2021-08-25 10:17:23;2021-08-25 10:17:23
191;accessory;1514;NULL;71;NULL;767;2021-08-25 10:17:23;2021-08-25 10:17:23
192;accessory;1515;NULL;71;NULL;767;2021-08-25 10:17:23;2021-08-25 10:17:23
193;accessory;1516;NULL;71;NULL;767;2021-08-25 10:17:23;2021-08-25 10:17:23
194;accessory;1517;NULL;71;NULL;767;2021-08-25 10:17:23;2021-08-25 10:17:23
195;accessory;1518;NULL;71;NULL;767;2021-08-25 10:17:23;2021-08-25 10:17:23
196;accessory;1519;NULL;71;NULL;767;2021-08-25 10:17:23;2021-08-25 10:17:23
197;accessory;1520;NULL;71;NULL;767;2021-08-25 10:17:23;2021-08-25 10:17:23
198;accessory;1521;NULL;71;NULL;767;2021-08-25 10:17:23;2021-08-25 10:17:23
199;accessory;1522;NULL;71;NULL;767;2021-08-25 10:17:23;2021-08-25 10:17:23
200;accessory;1523;NULL;71;NULL;767;2021-08-25 10:17:23;2021-08-25 10:17:23
201;accessory;1524;NULL;71;NULL;767;2021-08-25 10:17:23;2021-08-25 10:17:23
202;accessory;1525;NULL;71;NULL;767;2021-08-25 10:17:23;2021-08-25 10:17:23
203;accessory;1526;NULL;71;NULL;767;2021-08-25 10:17:23;2021-08-25 10:17:23
204;accessory;1527;NULL;71;NULL;767;2021-08-25 10:17:23;2021-08-25 10:17:23
205;accessory;1528;NULL;71;NULL;767;2021-08-25 10:17:23;2021-08-25 10:17:23
206;accessory;1529;NULL;71;NULL;767;2021-08-25 10:17:23;2021-08-25 10:17:23
207;accessory;1530;NULL;71;NULL;767;2021-08-25 10:17:23;2021-08-25 10:17:23
208;accessory;1531;NULL;71;NULL;767;2021-08-25 10:17:23;2021-08-25 10:17:23
209;accessory;1532;NULL;71;NULL;767;2021-08-25 10:17:23;2021-08-25 10:17:23
210;accessory;1533;NULL;71;NULL;767;2021-08-25 10:17:23;2021-08-25 10:17:23
211;accessory;1534;NULL;71;NULL;767;2021-08-25 10:17:23;2021-08-25 10:17:23
212;accessory;1535;NULL;71;NULL;767;2021-08-25 10:17:23;2021-08-25 10:17:23
213;accessory;1536;NULL;71;NULL;767;2021-08-25 10:17:23;2021-08-25 10:17:23
214;accessory;1537;NULL;71;NULL;767;2021-08-25 10:17:23;2021-08-25 10:17:23
215;accessory;1538;NULL;71;NULL;767;2021-08-25 10:17:23;2021-08-25 10:17:23
218;accessory;889;NULL;577;NULL;865;2021-08-25 10:23:25;2021-08-25 10:23:25
219;service;5;45;4717;NULL;859;2021-08-26 14:15:28;2021-08-26 14:15:28
220;accessory;487;NULL;1232;NULL;859;2021-08-26 14:15:28;2021-08-26 14:15:28
221;accessory;488;NULL;1232;NULL;859;2021-08-26 14:15:28;2021-08-26 14:15:28
222;service;5;45;4717;NULL;858;2021-08-30 09:02:17;2021-08-30 09:02:17
223;service;2;45;566;NULL;871;2021-09-01 13:27:43;2021-09-01 13:27:43
224;accessory;287;NULL;743;NULL;871;2021-09-01 13:27:43;2021-09-01 13:27:43
225;service;5;45;4717;NULL;872;2021-09-03 17:21:13;2021-09-03 17:21:13
226;service;8;10;755;NULL;878;2021-09-08 15:01:23;2021-09-08 15:01:23
227;service;29;12;1132;NULL;878;2021-09-08 15:01:23;2021-09-08 15:01:23
228;otherAccessory;NULL;NULL;822;Patins de frein route;878;2021-09-08 15:01:23;2021-09-08 15:01:23
229;otherAccessory;NULL;NULL;496;Chambre à air route;878;2021-09-08 15:01:23;2021-09-08 15:01:23
230;service;1;45;566;NULL;877;2021-09-09 15:41:20;2021-09-09 15:41:20
231;accessory;890;NULL;577;NULL;877;2021-09-09 15:41:20;2021-09-09 15:41:20
232;accessory;891;NULL;577;NULL;877;2021-09-09 15:41:20;2021-09-09 15:41:20
233;service;6;10;1698;NULL;874;2021-09-13 11:34:40;2021-09-13 11:34:40
234;otherAccessory;NULL;NULL;74;Rayon 296mm + nipple;874;2021-09-13 11:34:40;2021-09-13 11:34:40
235;otherAccessory;NULL;NULL;74;Rayon 296mm + nipple;874;2021-09-13 11:34:40;2021-09-13 11:34:40
236;otherAccessory;NULL;NULL;496;Fond de jante tubeless 30mm;874;2021-09-13 11:34:40;2021-09-13 11:34:40
237;service;28;10;943;NULL;882;2021-09-14 13:35:55;2021-09-14 13:35:55
238;service;9;20;1887;NULL;882;2021-09-14 13:35:55;2021-09-14 13:35:55
239;otherAccessory;NULL;NULL;661;"Chambre à air Kenda 26""";882;2021-09-14 13:35:55;2021-09-14 13:35:55
240;accessory;186;NULL;107;NULL;876;2021-09-14 15:23:28;2021-09-14 15:23:28
241;service;60;15;1415;NULL;887;2021-09-14 15:33:43;2021-09-14 15:33:43
242;otherAccessory;NULL;NULL;413;Dose produit tubeless;887;2021-09-14 15:33:43;2021-09-14 15:33:43
243;service;5;45;3302;NULL;889;2021-09-14 17:12:12;2021-09-14 17:12:12
244;accessory;1206;NULL;909;NULL;889;2021-09-14 17:12:12;2021-09-14 17:12:12
245;service;5;45;0;NULL;894;2021-09-16 12:43:48;2021-09-16 12:43:48
246;accessory;468;NULL;1232;NULL;894;2021-09-16 12:43:48;2021-09-16 12:43:48
247;accessory;469;NULL;1232;NULL;894;2021-09-16 12:43:48;2021-09-16 12:43:48
248;accessory;1292;NULL;434;NULL;896;2021-09-17 13:02:15;2021-09-17 13:02:15
249;accessory;1301;NULL;735;NULL;896;2021-09-17 13:02:15;2021-09-17 13:02:15
250;accessory;441;NULL;5781;NULL;903;2021-09-22 15:10:32;2021-09-22 15:10:32
251;service;41;13;1887;NULL;904;2021-09-22 20:48:14;2021-09-22 20:48:14
252;otherAccessory;NULL;NULL;6714;Manivelle;904;2021-09-22 20:48:14;2021-09-22 20:48:14
253;service;60;60;3299;NULL;873;2021-09-24 17:03:03;2021-09-24 17:03:03
254;accessory;1648;NULL;1239;NULL;873;2021-09-24 17:03:03;2021-09-24 17:03:03
255;accessory;1608;NULL;214;NULL;895;2021-09-27 09:11:52;2021-09-27 09:11:52
256;accessory;1609;NULL;214;NULL;895;2021-09-27 09:11:52;2021-09-27 09:11:52
257;accessory;381;NULL;5744;NULL;895;2021-09-27 09:11:52;2021-09-27 09:11:52
258;service;2;45;566;NULL;881;2021-09-27 10:55:41;2021-09-27 10:55:41
259;service;24;10;943;NULL;907;2021-09-27 11:05:48;2021-09-27 11:05:48
260;service;60;60;1415;NULL;907;2021-09-27 11:05:48;2021-09-27 11:05:48
261;accessory;1647;NULL;1483;NULL;907;2021-09-27 11:07:20;2021-09-27 11:07:20
262;service;5;45;4717;NULL;897;2021-09-29 17:53:57;2021-09-29 17:53:57
263;service;8;10;755;NULL;913;2021-09-29 17:54:57;2021-09-29 17:54:57
264;otherAccessory;NULL;NULL;826;montage d'une chambre à air anti-crevaison;913;2021-09-29 17:54:57;2021-09-29 17:54:57
265;service;9;20;1887;NULL;914;2021-09-30 11:28:38;2021-09-30 11:28:38
266;otherAccessory;NULL;NULL;57;Chambre à air;914;2021-09-30 11:28:38;2021-09-30 11:28:38
267;accessory;382;NULL;5744;NULL;888;2021-10-04 15:52:53;2021-10-04 15:52:53
268;service;60;60;1415;NULL;891;2021-10-04 15:54:12;2021-10-04 15:54:12
269;accessory;687;NULL;412;NULL;891;2021-10-04 15:54:12;2021-10-04 15:54:12
270;service;5;45;4717;NULL;906;2021-10-04 15:57:43;2021-10-04 15:57:43
271;accessory;575;NULL;7396;NULL;772;2021-10-04 15:58:41;2021-10-04 15:58:41
272;service;26;20;1887;NULL;909;2021-10-04 16:00:46;2021-10-04 16:00:46
273;accessory;1649;NULL;1239;NULL;909;2021-10-04 16:00:46;2021-10-04 16:00:46
274;accessory;1651;NULL;2477;NULL;753;2021-10-04 16:04:21;2021-10-04 16:04:21
275;otherAccessory;NULL;NULL;992;Gel anticrevaison;753;2021-10-04 16:04:22;2021-10-04 16:04:22
276;otherAccessory;NULL;NULL;107;Garde chaine Hesling;911;2021-10-04 16:08:53;2021-10-04 16:08:53
277;service;35;25;2358;NULL;912;2021-10-04 16:10:22;2021-10-04 16:10:22
278;accessory;470;NULL;1232;NULL;912;2021-10-04 16:10:22;2021-10-04 16:10:22
279;service;5;45;4717;NULL;868;2021-10-04 16:14:19;2021-10-04 16:14:19
280;accessory;577;NULL;7396;NULL;868;2021-10-04 16:14:19;2021-10-04 16:14:19
281;service;2;45;566;NULL;892;2021-10-06 09:09:50;2021-10-06 09:09:50
282;otherAccessory;NULL;NULL;1645;Lampe vélo avant pour dynamo;892;2021-10-06 09:09:50;2021-10-06 09:09:50
283;service;2;45;566;NULL;893;2021-10-06 09:12:09;2021-10-06 09:12:09
284;accessory;892;NULL;577;NULL;893;2021-10-06 09:12:09;2021-10-06 09:12:09
285;accessory;893;NULL;577;NULL;893;2021-10-06 09:12:09;2021-10-06 09:12:09
286;accessory;996;NULL;405;NULL;893;2021-10-06 09:12:09;2021-10-06 09:12:09
287;accessory;688;NULL;412;NULL;893;2021-10-06 09:12:09;2021-10-06 09:12:09
288;accessory;689;NULL;412;NULL;893;2021-10-06 09:12:09;2021-10-06 09:12:09
289;accessory;1045;NULL;412;NULL;893;2021-10-06 09:12:09;2021-10-06 09:12:09
290;service;25;17;1604;NULL;908;2021-10-06 14:41:05;2021-10-06 14:41:05
291;service;22;10;943;NULL;908;2021-10-06 14:41:05;2021-10-06 14:41:05
292;accessory;1258;NULL;1983;NULL;908;2021-10-06 14:41:05;2021-10-06 14:41:05
293;accessory;1702;NULL;2479;NULL;908;2021-10-06 14:41:05;2021-10-06 14:41:05
294;service;30;14;1321;NULL;928;2021-10-06 14:50:47;2021-10-06 14:50:47
295;service;30;14;1321;NULL;928;2021-10-06 14:50:47;2021-10-06 14:50:47
296;service;29;12;1132;NULL;928;2021-10-06 14:50:47;2021-10-06 14:50:47
297;service;29;12;1132;NULL;928;2021-10-06 14:50:47;2021-10-06 14:50:47
298;accessory;1046;NULL;412;NULL;928;2021-10-06 14:50:47;2021-10-06 14:50:47
299;accessory;1047;NULL;412;NULL;928;2021-10-06 14:50:47;2021-10-06 14:50:47
300;accessory;1048;NULL;412;NULL;928;2021-10-06 14:50:47;2021-10-06 14:50:47
301;accessory;471;NULL;1232;NULL;928;2021-10-06 14:50:47;2021-10-06 14:50:47
302;accessory;1539;NULL;1232;NULL;928;2021-10-06 14:50:47;2021-10-06 14:50:47
303;service;5;45;0;NULL;930;2021-10-06 14:57:03;2021-10-06 14:57:03
304;accessory;1540;NULL;1232;NULL;930;2021-10-06 14:57:03;2021-10-06 14:57:03
305;service;5;45;4717;NULL;931;2021-10-08 10:01:36;2021-10-08 10:01:36
306;service;32;15;1415;NULL;938;2021-10-12 12:19:45;2021-10-12 12:19:45
307;accessory;555;NULL;826;NULL;938;2021-10-12 12:19:45;2021-10-12 12:19:45
308;service;2;45;0;NULL;875;2021-10-13 11:53:37;2021-10-13 11:53:37
309;accessory;1541;NULL;1232;NULL;875;2021-10-13 11:53:37;2021-10-13 11:53:37
310;accessory;1542;NULL;1232;NULL;875;2021-10-13 11:53:37;2021-10-13 11:53:37
311;otherAccessory;NULL;NULL;1645;Pneu Michelin country grip'r;875;2021-10-13 11:53:37;2021-10-13 11:53:37
312;service;8;10;755;NULL;941;2021-10-13 13:23:32;2021-10-13 13:23:32
313;service;8;10;755;NULL;941;2021-10-13 13:23:32;2021-10-13 13:23:32
314;service;29;12;1132;NULL;941;2021-10-13 13:23:32;2021-10-13 13:23:32
315;accessory;1543;NULL;1232;NULL;941;2021-10-13 13:23:32;2021-10-13 13:23:32
316;service;2;45;566;NULL;200;2021-10-13 13:28:23;2021-10-13 13:28:23
317;service;2;45;566;NULL;204;2021-10-13 13:28:44;2021-10-13 13:28:44
318;service;5;45;4717;NULL;363;2021-10-13 13:29:04;2021-10-13 13:29:04
319;service;5;45;4717;NULL;758;2021-10-13 13:29:27;2021-10-13 13:29:27
320;service;5;45;4717;NULL;192;2021-10-13 13:29:48;2021-10-13 13:29:48
321;service;23;10;943;NULL;470;2021-10-13 13:33:19;2021-10-13 13:33:19
322;service;22;10;943;NULL;470;2021-10-13 13:33:19;2021-10-13 13:33:19
323;otherAccessory;NULL;NULL;4462;Chaine Shimano CN-E8000-100;470;2021-10-13 13:33:19;2021-10-13 13:33:19
324;otherAccessory;NULL;NULL;5116;Cassette Sunrace 11 11-42 CSM8;470;2021-10-13 13:33:19;2021-10-13 13:33:19
325;service;5;45;4717;NULL;809;2021-10-13 13:35:26;2021-10-13 13:35:26
326;accessory;472;NULL;1232;NULL;809;2021-10-13 13:35:26;2021-10-13 13:35:26
327;accessory;473;NULL;1232;NULL;809;2021-10-13 13:35:26;2021-10-13 13:35:26
328;service;3;240;125;NULL;944;2021-10-18 14:35:49;2021-10-18 14:35:49
329;accessory;1729;NULL;47817;NULL;944;2021-10-18 14:35:49;2021-10-18 14:35:49
330;accessory;1730;NULL;47817;NULL;944;2021-10-18 14:35:49;2021-10-18 14:35:49
331;accessory;474;NULL;781;NULL;944;2021-10-18 14:35:49;2021-10-18 14:35:49
332;accessory;475;NULL;781;NULL;944;2021-10-18 14:35:49;2021-10-18 14:35:49
333;accessory;476;NULL;781;NULL;944;2021-10-18 14:35:49;2021-10-18 14:36:42
334;accessory;477;NULL;781;NULL;944;2021-10-18 14:35:49;2021-10-18 14:35:49
335;accessory;478;NULL;781;NULL;944;2021-10-18 14:35:49;2021-10-18 14:36:44
336;accessory;479;NULL;781;NULL;944;2021-10-18 14:35:49;2021-10-18 14:35:49
337;accessory;480;NULL;781;NULL;944;2021-10-18 14:35:49;2021-10-18 14:36:48
338;accessory;481;NULL;781;NULL;944;2021-10-18 14:35:49;2021-10-18 14:35:49
339;accessory;482;NULL;781;NULL;944;2021-10-18 14:35:49;2021-10-18 14:35:49
340;accessory;1767;NULL;781;NULL;944;2021-10-18 14:35:49;2021-10-18 14:35:49
341;accessory;1768;NULL;781;NULL;944;2021-10-18 14:35:49;2021-10-18 14:36:54
342;accessory;1769;NULL;781;NULL;944;2021-10-18 14:35:49;2021-10-18 14:35:49
343;accessory;1770;NULL;781;NULL;944;2021-10-18 14:35:49;2021-10-18 14:35:49
344;accessory;1771;NULL;781;NULL;944;2021-10-18 14:35:49;2021-10-18 14:35:49
345;accessory;1772;NULL;781;NULL;944;2021-10-18 14:35:49;2021-10-18 14:36:55
346;accessory;1773;NULL;781;NULL;944;2021-10-18 14:35:49;2021-10-18 14:35:49
347;accessory;1774;NULL;781;NULL;944;2021-10-18 14:35:49;2021-10-18 14:37:02
348;accessory;1775;NULL;781;NULL;944;2021-10-18 14:35:49;2021-10-18 14:35:49
349;accessory;1776;NULL;781;NULL;944;2021-10-18 14:35:49;2021-10-18 14:35:49
350;accessory;1777;NULL;779;NULL;944;2021-10-18 14:35:49;2021-10-18 14:35:49
351;accessory;1778;NULL;781;NULL;944;2021-10-18 14:35:49;2021-10-18 14:35:49
352;accessory;1779;NULL;781;NULL;944;2021-10-18 14:35:49;2021-10-18 14:35:49
353;accessory;1780;NULL;781;NULL;944;2021-10-18 14:35:49;2021-10-18 14:37:00
354;accessory;1781;NULL;781;NULL;944;2021-10-18 14:35:49;2021-10-18 14:35:49
355;accessory;1782;NULL;781;NULL;944;2021-10-18 14:35:49;2021-10-18 14:35:49
356;accessory;1783;NULL;781;NULL;944;2021-10-18 14:35:49;2021-10-18 14:36:58
357;accessory;1784;NULL;781;NULL;944;2021-10-18 14:35:49;2021-10-18 14:35:49
358;accessory;1785;NULL;781;NULL;944;2021-10-18 14:35:49;2021-10-18 14:35:49
359;accessory;1786;NULL;781;NULL;944;2021-10-18 14:35:49;2021-10-18 14:36:57
360;accessory;1787;NULL;781;NULL;944;2021-10-18 14:35:50;2021-10-18 14:35:50
361;accessory;1765;NULL;165;NULL;944;2021-10-18 14:35:50;2021-10-18 14:35:50
362;accessory;1766;NULL;165;NULL;944;2021-10-18 14:35:50;2021-10-18 14:35:50
363;service;3;240;125;NULL;984;2021-10-19 10:35:20;2021-10-19 10:35:20
364;service;3;240;125;NULL;985;2021-10-19 10:35:45;2021-10-19 10:35:45
365;service;3;480;250;NULL;986;2021-10-19 10:36:21;2021-10-19 10:36:21
366;service;3;240;125;NULL;987;2021-10-19 10:38:51;2021-10-19 10:38:51
367;service;3;240;125;NULL;988;2021-10-19 10:39:18;2021-10-19 10:39:18
368;service;3;240;125;NULL;990;2021-10-19 11:30:48;2021-10-19 11:30:48
369;accessory;1544;NULL;1232;NULL;322;2021-10-21 14:04:26;2021-10-21 14:04:26
370;service;5;45;4717;NULL;989;2021-10-21 15:35:19;2021-10-21 15:35:19
371;accessory;1694;NULL;4289;NULL;989;2021-10-21 15:35:19;2021-10-21 15:35:19
372;service;42;7;943;NULL;996;2021-10-21 15:37:09;2021-10-21 15:37:09
373;accessory;1795;NULL;2223;NULL;996;2021-10-21 16:14:02;2021-10-21 16:14:02
374;service;5;45;4717;NULL;993;2021-10-21 16:14:54;2021-10-21 16:14:54
375;accessory;384;NULL;5744;NULL;993;2021-10-21 16:14:54;2021-10-21 16:14:54
376;service;5;45;4717;NULL;991;2021-10-21 16:16:44;2021-10-21 16:16:44
377;accessory;1796;NULL;2062;NULL;991;2021-10-21 16:16:44;2021-10-21 16:16:44
378;service;5;20;1415;NULL;997;2021-10-21 17:30:08;2021-10-21 17:30:08
379;service;60;60;4717;NULL;992;2021-10-26 16:31:01;2021-10-26 16:31:01
380;service;11;12;1132;NULL;999;2021-11-03 18:45:31;2021-11-03 18:45:31
381;service;29;12;1132;NULL;999;2021-11-03 18:45:31;2021-11-03 18:45:31
382;accessory;490;NULL;1232;NULL;999;2021-11-03 18:45:31;2021-11-03 18:45:31
383;service;22;10;943;NULL;1017;2021-11-08 09:50:45;2021-11-08 09:50:45
384;service;28;10;943;NULL;1017;2021-11-08 09:50:45;2021-11-08 09:50:45
385;accessory;459;NULL;1756;NULL;1017;2021-11-08 09:50:45;2021-11-08 09:50:45
386;accessory;288;NULL;743;NULL;1017;2021-11-08 15:01:49;2021-11-08 15:01:49
387;service;46;35;3302;NULL;998;2021-11-08 15:06:00;2021-11-08 15:06:00
388;accessory;1912;NULL;2479;NULL;998;2021-11-08 15:06:00;2021-11-08 15:06:00
389;accessory;1913;NULL;124;NULL;998;2021-11-08 15:06:00;2021-11-08 15:06:00
390;accessory;1914;NULL;826;NULL;998;2021-11-08 15:06:00;2021-11-08 15:06:00
391;otherAccessory;NULL;NULL;62;Cable et connectiques;998;2021-11-08 15:06:00;2021-11-08 15:06:00
392;accessory;1933;NULL;1893;NULL;999;2021-11-08 15:37:14;2021-11-08 15:37:14
393;accessory;1934;NULL;1893;NULL;999;2021-11-08 15:37:14;2021-11-08 15:37:14
394;service;8;10;755;NULL;999;2021-11-08 15:39:17;2021-11-08 15:39:17
395;service;5;45;4717;NULL;1005;2021-11-10 09:55:41;2021-11-10 09:55:41
396;service;5;45;4717;NULL;310;2021-11-10 09:56:40;2021-11-10 09:56:40
397;service;24;10;1415;NULL;1027;2021-11-10 10:03:20;2021-11-10 10:03:20
398;service;1;45;566;NULL;1028;2021-11-10 10:07:28;2021-11-10 10:07:28
399;accessory;894;NULL;577;NULL;1028;2021-11-10 10:07:28;2021-11-10 10:07:28
400;accessory;895;NULL;577;NULL;1028;2021-11-10 10:07:28;2021-11-10 10:07:28
401;accessory;785;NULL;412;NULL;1028;2021-11-10 10:07:28;2021-11-10 10:07:28
402;accessory;786;NULL;412;NULL;1028;2021-11-10 10:07:28;2021-11-10 10:07:28
403;accessory;997;NULL;405;NULL;1028;2021-11-10 10:07:28;2021-11-10 10:07:28
404;accessory;998;NULL;405;NULL;1028;2021-11-10 10:07:28;2021-11-10 10:07:28
405;accessory;1049;NULL;412;NULL;1028;2021-11-10 10:07:28;2021-11-10 10:07:28
406;accessory;1050;NULL;412;NULL;1028;2021-11-10 10:07:28;2021-11-10 10:07:28
407;accessory;1602;NULL;3304;NULL;1028;2021-11-10 10:07:28;2021-11-10 10:07:28
408;accessory;438;NULL;223;NULL;1025;2021-11-12 14:04:15;2021-11-12 14:04:15
409;accessory;0;NULL;0;NULL;1025;2021-11-12 14:04:15;2021-11-12 14:04:15
410;service;43;20;1887;NULL;1029;2021-11-21 18:55:01;2021-11-21 18:55:01
411;otherAccessory;NULL;NULL;1653;Garde boue arrière;1029;2021-11-21 18:55:01;2021-11-21 18:55:01
412;accessory;167;NULL;8181;NULL;1024;2021-11-21 19:00:01;2021-11-23 12:34:20
413;service;8;10;755;NULL;1040;2021-11-23 10:46:18;2021-11-23 10:46:18
414;accessory;677;NULL;574;NULL;1040;2021-11-23 10:46:18;2021-11-23 10:46:18
415;accessory;NULL;NULL;2057;NULL;1014;2021-11-28 18:37:24;2021-12-15 11:27:17
416;service;5;45;2358;NULL;1016;2021-11-28 18:38:48;2021-11-28 18:38:48
417;accessory;1604;NULL;1818;NULL;1016;2021-11-28 18:38:48;2021-11-28 18:38:48
418;accessory;176;NULL;0;NULL;1079;2021-12-06 14:19:36;2021-12-10 18:53:55
419;accessory;2162;NULL;12314;NULL;1079;2021-12-06 14:19:36;2021-12-06 14:19:36
420;accessory;1231;NULL;9008;NULL;428;2021-12-07 12:35:17;2021-12-07 12:35:17
421;accessory;1235;NULL;10661;NULL;428;2021-12-07 12:35:17;2021-12-07 12:35:17
422;accessory;2163;NULL;12314;NULL;428;2021-12-07 12:35:17;2021-12-07 12:35:17
423;accessory;2170;NULL;3223;NULL;428;2021-12-07 12:35:17;2021-12-07 12:35:17
424;accessory;2171;NULL;3223;NULL;428;2021-12-07 12:35:17;2021-12-07 12:35:17
425;accessory;1806;NULL;3223;NULL;428;2021-12-07 12:35:17;2021-12-07 12:35:17
426;accessory;1685;NULL;698;NULL;428;2021-12-09 09:36:04;2021-12-09 09:36:04
427;accessory;2184;NULL;157;NULL;428;2021-12-09 09:36:04;2021-12-09 09:36:04
428;accessory;2185;NULL;157;NULL;428;2021-12-09 09:36:04;2021-12-09 09:36:04
429;service;29;12;0;NULL;1084;2021-12-10 15:58:36;2021-12-10 15:58:36
430;service;24;10;0;NULL;1084;2021-12-10 15:58:36;2021-12-10 15:58:36
431;accessory;2280;NULL;744;NULL;1084;2021-12-10 15:58:36;2021-12-10 15:58:36
432;accessory;2281;NULL;744;NULL;1084;2021-12-10 15:58:36;2021-12-10 15:58:36
433;service;5;45;283;NULL;1085;2021-12-10 16:02:34;2021-12-10 16:02:34
434;service;7;20;943;NULL;1086;2021-12-10 16:06:48;2021-12-10 16:06:48
435;service;7;20;943;NULL;1086;2021-12-10 16:06:48;2021-12-10 16:06:48
436;service;24;10;2358;NULL;1086;2021-12-10 16:06:48;2021-12-10 16:06:48
437;service;5;45;283;NULL;1079;2021-12-10 18:44:52;2021-12-10 18:44:52
438;accessory;1232;NULL;9008;NULL;1091;2021-12-14 16:07:40;2021-12-14 16:07:40
439;accessory;1378;NULL;826;NULL;1088;2021-12-20 11:56:59;2021-12-20 11:56:59
440;accessory;2323;NULL;4958;NULL;1069;2021-12-21 10:02:59;2021-12-21 10:02:59
441;accessory;1580;NULL;1232;NULL;1069;2021-12-21 10:02:59;2021-12-21 10:02:59
442;accessory;1581;NULL;1232;NULL;1069;2021-12-21 10:02:59;2021-12-21 10:02:59
443;service;22;10;1887;NULL;1088;2021-12-21 10:07:33;2021-12-21 10:07:33
444;service;62;20;2358;NULL;1088;2021-12-21 10:07:33;2021-12-21 10:07:33
445;accessory;2326;NULL;1153;NULL;1088;2021-12-21 10:08:44;2021-12-21 10:08:44
446;accessory;1163;NULL;107;NULL;1088;2021-12-21 10:08:44;2021-12-21 10:08:44
447;service;42;7;1415;NULL;1088;2021-12-21 10:09:30;2021-12-21 10:09:30
448;accessory;2075;NULL;4545;NULL;1091;2021-12-21 10:13:19;2021-12-21 10:13:19
449;otherAccessory;NULL;NULL;2479;paire de manivelles;1070;2021-12-21 13:55:45;2021-12-21 13:55:45
450;accessory;2062;NULL;5744;NULL;1092;2021-12-21 13:59:45;2021-12-21 13:59:45
451;accessory;1816;NULL;661;NULL;995;2021-12-21 14:07:27;2021-12-21 14:07:27
452;accessory;2327;NULL;10331;NULL;995;2021-12-21 14:07:27;2021-12-21 14:07:27
476;service;2;45;566;NULL;1122;2022-01-10 11:59:53;2022-01-10 11:59:53
454;service;24;10;1887;NULL;1115;2022-01-03 12:43:53;2022-01-03 12:43:53
455;accessory;1355;NULL;18;NULL;1115;2022-01-03 12:43:53;2022-01-03 12:43:53
456;accessory;1350;NULL;26;NULL;1115;2022-01-03 12:43:53;2022-01-03 12:43:53
457;service;41;13;1226;NULL;1121;2022-01-04 12:11:02;2022-01-04 12:11:02
458;service;29;12;1132;NULL;1121;2022-01-04 12:11:02;2022-01-04 12:11:02
459;accessory;491;NULL;1232;NULL;1121;2022-01-04 12:11:02;2022-01-04 12:11:02
460;otherAccessory;NULL;NULL;3883;Manivelles FC-E8000 170mm;1121;2022-01-04 12:11:02;2022-01-04 12:11:02
486;accessory;2282;NULL;744;NULL;448;2022-01-17 10:55:31;2022-01-17 10:55:31
482;service;28;10;943;NULL;1140;2022-01-11 16:41:43;2022-01-11 16:41:43
481;accessory;559;NULL;1322;NULL;1140;2022-01-11 15:46:31;2022-01-11 15:46:31
480;service;5;45;2358;NULL;1141;2022-01-11 15:22:20;2022-01-11 15:22:20
465;service;8;10;755;NULL;1116;2022-01-05 14:15:28;2022-01-05 14:15:28
466;service;1;45;566;NULL;1116;2022-01-05 14:15:28;2022-01-05 14:15:28
467;service;28;10;943;NULL;1116;2022-01-05 14:15:28;2022-01-05 14:15:28
468;service;28;10;943;NULL;1116;2022-01-05 14:15:28;2022-01-05 14:15:28
469;service;8;10;755;NULL;1124;2022-01-05 17:04:51;2022-01-05 17:04:51
470;service;24;10;943;NULL;1124;2022-01-05 17:09:38;2022-01-05 17:09:38
471;service;5;45;0;NULL;1123;2022-01-06 09:54:02;2022-01-06 09:54:02
472;service;5;45;4717;NULL;1015;2022-01-10 11:32:40;2022-01-10 11:32:40
473;accessory;1545;NULL;1232;NULL;1015;2022-01-10 11:32:40;2022-01-10 11:32:40
477;accessory;1546;NULL;1232;NULL;1122;2022-01-10 12:01:27;2022-01-10 12:01:27
475;service;2;45;566;NULL;1116;2022-01-10 11:37:22;2022-01-10 11:37:22
478;accessory;385;NULL;5744;NULL;1124;2022-01-10 12:04:20;2022-01-10 12:04:20
479;service;5;45;4717;NULL;1118;2022-01-10 12:09:20;2022-01-10 12:09:20
487;accessory;2324;NULL;4958;NULL;1104;2022-01-17 10:59:27;2022-01-17 10:59:27
485;service;5;45;4717;NULL;1140;2022-01-12 09:46:38;2022-01-12 09:46:38
488;service;8;10;755;NULL;1158;2022-01-17 12:09:23;2022-01-17 12:09:23
489;accessory;525;NULL;574;NULL;1158;2022-01-17 12:09:23;2022-01-17 12:09:23
490;otherAccessory;NULL;NULL;2479;Sram Pignons 11-13-15t;1115;2022-01-20 15:38:57;2022-01-20 15:38:57
491;accessory;386;NULL;5744;NULL;1143;2022-01-20 17:20:56;2022-01-20 17:20:56
492;accessory;387;NULL;5744;NULL;1143;2022-01-20 17:20:56;2022-01-20 17:20:56
493;accessory;1476;NULL;223;NULL;1143;2022-01-20 17:20:56;2022-01-20 17:20:56
494;accessory;289;NULL;743;NULL;1143;2022-01-20 17:20:56;2022-01-20 17:20:56
495;accessory;290;NULL;743;NULL;1143;2022-01-20 17:20:56;2022-01-20 17:20:56
496;otherAccessory;NULL;NULL;2479;Selle divers;1143;2022-01-20 17:20:56;2022-01-20 17:20:56
497;otherAccessory;NULL;NULL;826;Poignées divers;1143;2022-01-20 17:20:56;2022-01-20 17:20:56
498;service;2;45;566;NULL;1143;2022-01-20 17:22:20;2022-01-20 17:22:20
499;service;42;7;943;NULL;1157;2022-01-20 17:24:30;2022-01-20 17:24:30
500;otherAccessory;NULL;NULL;488;Fond de jante tubeless;1157;2022-01-20 17:24:30;2022-01-20 17:24:30
501;otherAccessory;NULL;NULL;496;Liquide tubeless;1157;2022-01-20 17:24:30;2022-01-20 17:24:30
502;accessory;1547;NULL;1232;NULL;400;2022-01-20 17:28:17;2022-01-20 17:28:17
503;accessory;1548;NULL;1232;NULL;400;2022-01-20 17:28:17;2022-01-20 17:28:17
504;accessory;493;NULL;1232;NULL;511;2022-01-20 17:29:34;2022-01-20 17:29:34
505;accessory;494;NULL;1232;NULL;511;2022-01-20 17:29:34;2022-01-20 17:29:34
506;accessory;2423;NULL;10331;NULL;1114;2022-01-20 17:31:52;2022-01-20 17:31:52
507;accessory;678;NULL;574;NULL;1114;2022-01-20 17:31:52;2022-01-20 17:31:52
508;service;5;45;4717;NULL;1166;2022-01-21 11:53:34;2022-01-21 11:53:34
509;accessory;557;NULL;1404;NULL;1166;2022-01-21 11:53:34;2022-01-21 11:53:34
510;accessory;1549;NULL;1232;NULL;1166;2022-01-21 11:53:34;2022-01-21 11:53:34
511;service;8;10;755;NULL;1155;2022-01-21 17:11:19;2022-01-21 17:11:19
512;accessory;2063;NULL;5744;NULL;1155;2022-01-21 17:11:19;2022-01-21 17:11:19
513;otherAccessory;NULL;NULL;0;chaine CN-M7100;234;2022-01-28 16:57:53;2022-01-28 16:57:53
514;accessory;495;NULL;1232;NULL;821;2022-01-31 10:13:48;2022-01-31 10:13:48
515;accessory;496;NULL;1232;NULL;821;2022-01-31 10:13:48;2022-01-31 10:13:48
516;accessory;2308;NULL;1975;NULL;821;2022-01-31 10:13:48;2022-01-31 10:13:48
517;accessory;2309;NULL;1975;NULL;821;2022-01-31 10:13:48;2022-01-31 10:13:48
518;otherAccessory;NULL;NULL;2893;Disque Galfer 180mm 6t DB003W;821;2022-01-31 10:13:48;2022-01-31 10:13:48
519;otherAccessory;NULL;NULL;2893;Disque Galfer 180mm 6t DB003W;821;2022-01-31 10:13:48;2022-01-31 10:13:48
520;service;60;30;2358;NULL;1156;2022-01-31 10:14:55;2022-01-31 10:14:55
521;accessory;896;NULL;577;NULL;1156;2022-01-31 10:14:55;2022-01-31 10:14:55
522;accessory;999;NULL;405;NULL;1156;2022-01-31 10:14:55;2022-01-31 10:14:55
523;otherAccessory;NULL;NULL;983;Levier de frein Shimano BL-M200;1164;2022-01-31 10:19:30;2022-01-31 10:19:30
524;otherAccessory;NULL;NULL;3132;Phare avant Contec;1164;2022-01-31 10:19:30;2022-01-31 10:19:30
525;service;48;90;7075;NULL;1169;2022-01-31 10:21:31;2022-01-31 10:21:31
526;accessory;1000;NULL;405;NULL;1169;2022-01-31 10:21:31;2022-01-31 10:21:31
527;accessory;897;NULL;577;NULL;1169;2022-01-31 10:21:31;2022-01-31 10:21:31
528;accessory;787;NULL;412;NULL;1169;2022-01-31 10:21:31;2022-01-31 10:21:31
529;service;2;45;566;NULL;1164;2022-01-31 10:25:12;2022-01-31 10:25:12
530;accessory;1259;NULL;1983;NULL;1120;2022-02-01 10:47:39;2022-02-01 10:47:39
531;otherAccessory;NULL;NULL;1649;Phare avant contec;961;2022-02-01 10:49:20;2022-02-01 10:49:20
532;accessory;2468;NULL;10744;NULL;1119;2022-02-01 10:56:42;2022-02-01 10:56:42
533;accessory;2470;NULL;3554;NULL;1119;2022-02-01 10:56:42;2022-02-01 10:56:42
534;accessory;621;NULL;111;NULL;1119;2022-02-01 10:56:42;2022-02-01 10:56:42
535;accessory;622;NULL;111;NULL;1119;2022-02-01 10:56:42;2022-02-01 10:56:42
536;otherAccessory;NULL;NULL;3298;Commande tige de selle Contec;1119;2022-02-01 10:56:42;2022-02-01 10:56:42
537;service;3;45;11321;NULL;1119;2022-02-01 10:59:46;2022-02-01 10:59:46
538;accessory;2474;NULL;5446;NULL;1119;2022-02-01 10:59:46;2022-02-01 10:59:46
539;service;3;45;8491;NULL;1186;2022-02-03 09:08:25;2022-02-03 09:08:25
540;otherAccessory;NULL;NULL;4815;Disque Galfer 160mm Center Lock DB002WCL;1186;2022-02-03 09:40:23;2022-02-03 09:40:23
541;otherAccessory;NULL;NULL;991;Plaquettes Shimano B03S;1186;2022-02-03 09:40:23;2022-02-03 09:40:23
542;otherAccessory;NULL;NULL;991;Plaquettes Shimano B03S;1186;2022-02-03 09:40:23;2022-02-03 09:40:23
543;otherAccessory;NULL;NULL;4297;Cassette Shimano CS-HG50-10 11-36;1186;2022-02-03 09:40:23;2022-02-03 09:40:23
544;otherAccessory;NULL;NULL;2313;Chaine Shimano CN-4601;1186;2022-02-03 09:40:23;2022-02-03 09:40:23
545;otherAccessory;NULL;NULL;20;Plateau Bosch 17t;1186;2022-02-03 09:40:23;2022-02-03 09:40:23
546;service;5;45;4717;NULL;1185;2022-02-07 09:14:13;2022-02-07 09:14:13
547;accessory;1051;NULL;825;NULL;1185;2022-02-07 09:14:13;2022-02-07 09:14:13
548;accessory;690;NULL;412;NULL;1185;2022-02-07 09:14:13;2022-02-07 09:14:13
549;accessory;691;NULL;412;NULL;1185;2022-02-07 09:14:13;2022-02-07 09:14:13
550;otherAccessory;NULL;NULL;74;Rayon;1185;2022-02-07 09:14:13;2022-02-07 09:14:13
551;service;2;45;566;NULL;1184;2022-02-07 10:48:19;2022-02-07 10:48:19
552;accessory;1477;NULL;223;NULL;1184;2022-02-07 10:48:19;2022-02-07 10:48:19
553;otherAccessory;NULL;NULL;657;Collier de selle allen;1184;2022-02-07 10:48:19;2022-02-07 10:48:19
554;otherAccessory;NULL;NULL;3715;Selle confort Contec Anatomic 2;1184;2022-02-07 10:48:19;2022-02-07 10:48:19
555;service;5;45;4717;NULL;1183;2022-02-07 10:58:08;2022-02-07 10:58:08
556;otherAccessory;NULL;NULL;9554;Roue avant avec dynamo;1167;2022-02-08 08:37:58;2022-02-08 08:37:58
557;otherAccessory;NULL;NULL;3147;Jeu de direction;1167;2022-02-08 08:37:58;2022-02-08 08:37:58
558;otherAccessory;NULL;NULL;81;Cable et gaine dérailleur;1167;2022-02-08 08:37:58;2022-02-08 08:37:58
559;service;29;12;1132;NULL;1188;2022-02-08 15:27:51;2022-02-08 15:27:51
560;accessory;1550;NULL;1232;NULL;1188;2022-02-08 15:27:51;2022-02-08 15:27:51
561;service;8;10;755;NULL;1187;2022-02-09 10:28:21;2022-02-09 10:28:21
562;accessory;2064;NULL;5744;NULL;1187;2022-02-09 10:28:21;2022-02-09 10:28:21
563;otherAccessory;NULL;NULL;826;Produit anticrevaison 2 roues;1187;2022-02-09 10:28:21;2022-02-09 10:28:21
568;accessory;2278;NULL;4955;NULL;1205;2022-02-11 13:06:26;2022-02-11 13:06:26
567;service;22;10;943;NULL;1205;2022-02-11 13:06:26;2022-02-11 13:06:26
566;service;5;45;4717;NULL;1202;2022-02-10 10:41:05;2022-02-10 10:41:05
570;service;2;45;33;NULL;1206;2022-02-11 15:38:17;2022-02-14 17:08:29
571;service;5;45;4717;NULL;1214;2022-02-11 21:21:05;2022-02-11 21:21:05
572;service;9;20;1887;NULL;1215;2022-02-14 15:14:38;2022-02-14 15:14:38
573;accessory;526;NULL;574;NULL;1215;2022-02-14 15:14:38;2022-02-14 15:14:38
576;otherAccessory;NULL;NULL;1653;paire de pédales VTT;1206;2022-02-14 17:09:26;2022-02-14 17:09:26
575;accessory;2477;NULL;1321;NULL;1189;2022-02-14 15:50:16;2022-02-14 15:50:16
577;accessory;2419;NULL;8181;NULL;1205;2022-02-14 17:34:31;2022-02-14 17:34:31
578;accessory;1684;NULL;2888;NULL;1219;2022-02-14 17:53:46;2022-02-14 17:53:46
579;service;28;10;943;NULL;1220;2022-02-15 16:31:25;2022-02-15 16:31:25
580;service;28;10;943;NULL;1220;2022-02-15 16:31:25;2022-02-15 16:31:25
581;accessory;2283;NULL;744;NULL;1220;2022-02-15 16:31:25;2022-02-15 16:31:25
582;accessory;2284;NULL;744;NULL;1220;2022-02-15 16:31:25;2022-02-15 16:31:25
583;service;28;10;943;NULL;1221;2022-02-15 16:38:25;2022-02-15 16:38:25
584;service;28;10;943;NULL;1221;2022-02-15 16:38:25;2022-02-15 16:38:25
585;accessory;2285;NULL;744;NULL;1221;2022-02-15 16:38:25;2022-02-15 16:38:25
586;accessory;2286;NULL;744;NULL;1221;2022-02-15 16:38:25;2022-02-15 16:38:25
587;service;8;10;755;NULL;1219;2022-02-15 16:58:45;2022-02-15 16:58:45
589;service;8;10;755;NULL;1219;2022-02-16 10:17:06;2022-02-16 10:17:06
590;service;28;10;943;NULL;454;2022-02-16 15:13:51;2022-02-16 15:13:51
591;service;28;10;943;NULL;454;2022-02-16 15:13:51;2022-02-16 15:13:51
592;service;5;45;4717;NULL;1216;2022-02-16 17:14:03;2022-02-16 17:14:03
593;accessory;1256;NULL;4958;NULL;1229;2022-02-21 09:15:17;2022-02-21 09:15:17
594;accessory;679;NULL;574;NULL;1224;2022-02-21 09:32:32;2022-02-21 09:32:32
595;service;5;45;4717;NULL;1203;2022-02-21 12:18:31;2022-02-21 12:18:31
596;accessory;2512;NULL;3463;NULL;1203;2022-02-21 12:18:31;2022-02-21 12:18:31
597;accessory;2513;NULL;3463;NULL;1203;2022-02-21 12:18:31;2022-02-21 12:18:31
598;accessory;1634;NULL;3793;NULL;1238;2022-02-22 09:39:37;2022-02-22 09:39:37
599;otherAccessory;NULL;NULL;339;Chambre à air 29;1238;2022-02-22 09:39:37;2022-02-22 09:39:37
